{"noiseKey":{"private":{"type":"Buffer","data":"6I9hOKStubzS/iivYp22VIJ9pDmG5M7WVFT1qerEaWY="},"public":{"type":"Buffer","data":"9syBfGVUHxLuFLadGcgN3y10RGt5NSIsuGk50o5NFVA="}},"pairingEphemeralKeyPair":{"private":{"type":"Buffer","data":"0CpI+eAwvSPC7kjrxB9JdAIlRPDJIXVobCQUIDGVcnY="},"public":{"type":"Buffer","data":"C+ooOzX93Za0Cbo9r+gfHm1gAKHf60nsF/v+heLo4RY="}},"signedIdentityKey":{"private":{"type":"Buffer","data":"oA9Lr1WYoGrTE6qYaaRYtP0ciwAsdDqGXDPtnW3QkFo="},"public":{"type":"Buffer","data":"Ljd73aiweC4em1JcbGEFSfW9EAQeBBzqAF7APNntKh4="}},"signedPreKey":{"keyPair":{"private":{"type":"Buffer","data":"yLoAOq/TfY5uzK50Y2IEf6SEnwB1v6nrvPCYqv8FVmM="},"public":{"type":"Buffer","data":"FHEsn5iDYJeuaukFGdsr+fPzgL6tSM/dOSpTy0kaYXM="}},"signature":{"type":"Buffer","data":"8pQcvi0U+YWihAVC/Ts32ht3oCCWwYZkJuc5oEA5QAMT8xgdCUGxANEVrBhTtRTXrGp4NWUG8DHPNR2gZJSECQ=="},"keyId":1},"registrationId":238,"advSecretKey":"gE7LDtWfZ0wrQPSsboXEVrEH5/GhHjx1NMCM/JmwNHY=","processedHistoryMessages":[{"key":{"remoteJid":"254113334497@s.whatsapp.net","fromMe":true,"id":"336595854FF25C16B1EB6F749F8003A7"},"messageTimestamp":1749779117},{"key":{"remoteJid":"254113334497@s.whatsapp.net","fromMe":true,"id":"1C2F165A8051D932592CC99EB187E5F2"},"messageTimestamp":1749779118}],"nextPreKeyId":31,"firstUnuploadedPreKeyId":31,"accountSyncCounter":1,"accountSettings":{"unarchiveChats":false},"deviceId":"yab7RiN8SJGEus4fVl-EYw","phoneId":"ec7e4750-b016-4c5e-8983-3a554d5e3c76","identityId":{"type":"Buffer","data":"dDxnMKDGle7mGz+KoTXutUtgq/0="},"registered":false,"backupToken":{"type":"Buffer","data":"qQfdVuYSv2wbGhwBxV5/+ubFqtQ="},"registration":{},"account":{"details":"CK6I2vACEKOFrsIGGAwgACgA","accountSignatureKey":"nAkwinWglAdirOKDwBHm7XmAseGtlPk/xDKfanyhVGk=","accountSignature":"bbmmpIVpijJbs/bsEsQZtsfbnFLtYzuTPNjBofYyQiL/8p/SbxMfQgDgcjUvo9tXi25KLwu8usU6NFvl7GFjBQ==","deviceSignature":"ZUEJXtaasCy+MTVBBRFBJs6sUNLnzeicc7E90/1x3WJBsqjhIRuJjBRa3jYeRX7SwgPQrK3mpqXYi93/gj7BCw=="},"me":{"id":"254113334497:50@s.whatsapp.net","lid":"25765911502928:50@lid","name":"_■□|🅐🅤🅡🅐__●○"},"signalIdentities":[{"identifier":{"name":"254113334497:50@s.whatsapp.net","deviceId":0},"identifierKey":{"type":"Buffer","data":"BZwJMIp1oJQHYqzig8AR5u15gLHhrZT5P8Qyn2p8oVRp"}}],"platform":"android","lastAccountSyncTimestamp":1749779111,"myAppStateKeyId":"AAAAAM7G"}